<?xml version="1.0" encoding="utf-8"?>
<VugenScriptMetadata>
  <ScriptName>script4</ScriptName>
  <Protocol>Web - HTTP/HTML</Protocol>
  <ActionFiles>
    <FileEntry Name="vuser_init.c" Filter="2" />
    <FileEntry Name="Action.c" Filter="2" />
    <FileEntry Name="vuser_end.c" Filter="2" />
  </ActionFiles>
  <GeneralFiles>
    <FileEntry Name="script4.usr" Filter="4" />
    <FileEntry Name="default.cfg" Filter="4" />
    <FileEntry Name="default.usp" Filter="4" />
    <FileEntry Name="script4.prm" Filter="2" />
    <FileEntry Name="globals.h" Filter="2" />
    <FileEntry Name="fly_from.dat" Filter="2" />
    <FileEntry Name="fly_to.dat" Filter="2" />
    <FileEntry Name="Bookmarks.xml" Filter="1" />
    <FileEntry Name="Breakpoints.xml" Filter="1" />
    <FileEntry Name="CompilerLogMetadata.xml" Filter="1" />
    <FileEntry Name="custom_body_variables.txt" Filter="1" />
    <FileEntry Name="data.zip" Filter="1" />
    <FileEntry Name="logfile.log" Filter="1" />
    <FileEntry Name="lrw_custom_body.h" Filter="1" />
    <FileEntry Name="mdrv.log" Filter="1" />
    <FileEntry Name="mdrv3Po.21.log" Filter="1" />
    <FileEntry Name="mdrv5b8.513.log" Filter="1" />
    <FileEntry Name="mdrv8ED.731.log" Filter="1" />
    <FileEntry Name="mdrv9xe.435.log" Filter="1" />
    <FileEntry Name="mdrveFZ.991.log" Filter="1" />
    <FileEntry Name="mdrvjaP.289.log" Filter="1" />
    <FileEntry Name="mdrvkAn.851.log" Filter="1" />
    <FileEntry Name="mdrvkQ7.449.log" Filter="1" />
    <FileEntry Name="mdrvKQt.439.log" Filter="1" />
    <FileEntry Name="mdrvLhr.353.log" Filter="1" />
    <FileEntry Name="mdrvmOg.697.log" Filter="1" />
    <FileEntry Name="mdrvNFE.579.log" Filter="1" />
    <FileEntry Name="mdrvqZq.761.log" Filter="1" />
    <FileEntry Name="mdrvtmL.491.log" Filter="1" />
    <FileEntry Name="mdrvWrc.91.log" Filter="1" />
    <FileEntry Name="mdrvxbD.283.log" Filter="1" />
    <FileEntry Name="mdrvXxk.937.log" Filter="1" />
    <FileEntry Name="mdrvzq1.479.log" Filter="1" />
    <FileEntry Name="mdrv_cmd.txt" Filter="1" />
    <FileEntry Name="options.txt" Filter="1" />
    <FileEntry Name="output.bak" Filter="1" />
    <FileEntry Name="output.txt" Filter="1" />
    <FileEntry Name="OutputColoringDatabase.json" Filter="1" />
    <FileEntry Name="ReplaySummaryReport.xml" Filter="1" />
    <FileEntry Name="ScriptUploadMetadata.xml" Filter="1" />
    <FileEntry Name="ThumbnailsCache.tmp" Filter="1" />
    <FileEntry Name="TransactionsData.db" Filter="1" />
    <FileEntry Name="UserTasks.xml" Filter="1" />
    <FileEntry Name="WebHttpHtml5.prm.bak" Filter="1" />
    <FileEntry Name="data\" Filter="1" />
    <FileEntry Name="result1\" Filter="1" />
  </GeneralFiles>
</VugenScriptMetadata>